month,month_num,year,bulletin_title,india_1st,india_2nd,india_3rd,india_1st_filing,india_2nd_filing,india_3rd_filing
October,10,2015,Visa Bulletin For October 2015,,,,,,
November,11,2015,Visa Bulletin For November 2015,,,,,,
December,12,2015,Visa Bulletin For December 2015,,,,,,
January,1,2016,Visa Bulletin For January 2016,,,,,,
February,2,2016,Visa Bulletin For February 2016,,,,,,
March,3,2016,Visa Bulletin For March 2016,,,,,,
April,4,2016,Visa Bulletin For April 2016,,,,,,
May,5,2016,Visa Bulletin For May 2016,C,22NOV08,01SEP04,C,01JUL09,01JUL05
June,6,2016,Visa Bulletin For June 2016,C,01OCT04,22SEP04,C,01JUL09,01JUL05
July,7,2016,Visa Bulletin For July 2016,C,01NOV04,22OCT04,C,01JUL09,01JUL05
August,8,2016,Visa Bulletin For August 2016,01JAN10,15NOV04,08NOV04,C,01JUL09,01JUL05
September,9,2016,Visa Bulletin For September 2016,01JAN10,22FEB05,15FEB05,C,01JUL09,01JUL05
October,10,2016,Visa Bulletin For October 2016,C,15JAN07,01MAR05,C,22APR09,01JUL05
November,11,2016,Visa Bulletin For November 2016,C,01NOV07,08MAR05,C,22APR09,01JUL05
December,12,2016,Visa Bulletin For December 2016,C,01FEB08,15MAR05,C,22APR09,01JUL05
January,1,2017,Visa Bulletin For January 2017,C,15APR08,15MAR05,C,22APR09,01JUL05
February,2,2017,Visa Bulletin For February 2017,C,15APR08,22MAR05,C,22APR09,01JUL05
March,3,2017,Visa Bulletin For March 2017,C,01JUN08,22MAR05,C,22APR09,01JUL05
April,4,2017,Visa Bulletin For April 2017,C,22JUN08,24MAR05,C,22APR09,01JUL05
May,5,2017,Visa Bulletin For May 2017,C,22JUN08,25MAR05,C,01FEB09,22APR06
June,6,2017,Visa Bulletin For June 2017,01JAN12,01JUL08,15MAY05,C,01FEB09,22APR06
July,7,2017,Visa Bulletin For July 2017,01JAN12,22JUL08,15FEB06,C,01FEB09,01OCT06
August,8,2017,Visa Bulletin For August 2017,01JAN12,22JUL08,15JUL06,C,01FEB09,01JAN07
September,9,2017,Visa Bulletin For September 2017,01JAN12,22AUG08,15OCT06,C,01FEB09,01JAN07
October,10,2017,Visa Bulletin For October 2017,C,15SEP08,15OCT06,C,08FEB09,01JAN08
November,11,2017,Visa Bulletin For November 2017,C,08OCT08,15OCT06,C,08FEB09,01JAN08
December,12,2017,Visa Bulletin For December 2017,C,01NOV08,15OCT06,C,08FEB09,01JAN08
January,1,2018,Visa Bulletin For January 2018,C,22NOV08,01NOV06,C,08FEB09,01JAN08
February,2,2018,Visa Bulletin For February 2018,C,08DEC08,01DEC06,C,08FEB09,01JAN08
March,3,2018,Visa Bulletin For March 2018,C,15DEC08,01JAN07,C,08FEB09,01JAN08
April,4,2018,Visa Bulletin For April 2018,01JAN12,22DEC08,01FEB08,C,08FEB09,01APR08
May,5,2018,Visa Bulletin For May 2018,01JAN12,22DEC08,01MAY08,C,01APR09,01SEP08
June,6,2018,Visa Bulletin For June 2018,01JAN12,26DEC08,01MAY08,C,01APR09,01SEP08
July,7,2018,Visa Bulletin For July 2018,01JAN12,15MAR09,01NOV08,C,22MAY09,01MAY09
August,8,2018,Visa Bulletin For August 2018,01JAN12,15MAR09,01JAN09,C,22MAY09,01MAY09
September,9,2018,Visa Bulletin For September 2018,01JAN12,01JAN07,01JAN03,C,22MAY09,01MAY09
October,10,2018,Visa Bulletin For October 2018,01JUN16,26MAR09,01JAN09,01OCT17,22MAY09,01OCT09
November,11,2018,Visa Bulletin For November 2018,01JUN16,26MAR09,01JAN09,01OCT17,22MAY09,01OCT09
December,12,2018,Visa Bulletin For December 2018,01SEP16,01APR09,01MAR09,01OCT17,22MAY09,01JAN10
January,1,2019,Visa Bulletin For January 2019,15DEC16,01APR09,01MAR09,01OCT17,22MAY09,01APR10
February,2,2019,Visa Bulletin For February 2019,08FEB17,06APR09,22APR09,01OCT17,22MAY09,01APR10
March,3,2019,Visa Bulletin For March 2019,22FEB17,09APR09,22MAY09,01OCT17,22MAY09,01APR10
April,4,2019,Visa Bulletin For April 2019,22FEB17,12APR09,22JUN09,01OCT17,01JUN09,01APR10
May,5,2019,Visa Bulletin For May 2019,22FEB17,16APR09,01JUL09,01OCT17,01JUN09,01APR10
June,6,2019,Visa Bulletin For June 2019,01JAN15,19APR09,01JUL09,01OCT17,01JUN09,01APR10
July,7,2019,Visa Bulletin For July 2019,01JAN15,24APR09,01JUL09,01OCT17,01JUN09,01APR10
August,8,2019,Visa Bulletin For August 2019,01JAN15,02MAY09,01JAN06,01OCT17,01JUN09,01APR10
September,9,2019,Visa Bulletin For September 2019,U,08MAY09,01JUL05,01OCT17,01JUN09,01APR10
October,10,2019,Visa Bulletin For October 2019,01JAN15,12MAY09,01JAN09,15MAR17,01JUL09,01FEB10
November,11,2019,Visa Bulletin For November 2019,01JAN15,13MAY09,01JAN09,15MAR17,01JUL09,01FEB10
December,12,2019,Visa Bulletin For December 2019,01JAN15,15MAY09,01JAN09,15MAR17,01JUL09,01FEB10
January,1,2020,Visa Bulletin For January 2020,01JAN15,18MAY09,01JAN09,15MAR17,01JUL09,01FEB10
February,2,2020,Visa Bulletin For February 2020,01JAN15,19MAY09,08JAN09,15MAR17,01JUL09,01FEB10
March,3,2020,Visa Bulletin For March 2020,01MAR15,22MAY09,15JAN09,15MAR17,01JUL09,01FEB10
April,4,2020,Visa Bulletin For April 2020,01MAY15,25MAY09,22JAN09,15MAR17,01JUL09,01FEB10
May,5,2020,Visa Bulletin For May 2020,01AUG15,02JUN09,01MAR09,15MAR17,01JUL09,01FEB10
June,6,2020,Visa Bulletin For June 2020,08JUN16,12JUN09,01APR09,15MAR17,01JUL09,01FEB10
July,7,2020,Visa Bulletin For July 2020,08MAY17,08JUL09,01JUN09,01AUG17,15AUG09,01FEB10
August,8,2020,Visa Bulletin For August 2020,08FEB18,08JUL09,01OCT09,01JUL18,15AUG09,01FEB10
September,9,2020,Visa Bulletin For September 2020,01MAR18,08JUL09,01OCT09,01JUL18,15AUG09,01FEB10
October,10,2020,Visa Bulletin For October 2020,01JUN18,01SEP09,15JAN10,01SEP20,15MAY11,01JAN15
November,11,2020,Visa Bulletin For November 2020,01DEC18,22SEP09,01MAR10,01SEP20,15MAY11,01JAN15
December,12,2020,Visa Bulletin For December 2020,01APR19,01OCT09,15MAR10,01NOV20,15MAY11,01JAN14
January,1,2021,Visa Bulletin For January 2021,01SEP19,08OCT09,22MAR10,01NOV20,15MAY11,01JAN14
February,2,2021,Visa Bulletin For February 2021,01JAN20,12OCT09,01APR10,01NOV20,15MAY11,01JAN14
March,3,2021,Visa Bulletin For March 2021,01AUG20,15JAN10,01JUL10,C,15MAY11,01JAN14
April,4,2021,Visa Bulletin For April 2021,C,01MAY10,01SEP10,C,15MAY11,01JAN14
May,5,2021,Visa Bulletin For May 2021,C,01AUG10,01FEB11,C,15MAY11,01JAN14
June,6,2021,Visa Bulletin For June 2021,C,01DEC10,01NOV11,C,01AUG11,01JAN14
July,7,2021,Visa Bulletin For July 2021,C,01JUN11,01JAN13,C,01DEC11,01FEB14
August,8,2021,Visa Bulletin For August 2021,C,01JUN11,01JUL13,C,01DEC11,01FEB14
September,9,2021,Visa Bulletin For September 2021,C,01SEP11,01JAN14,C,01DEC11,01MAR14
October,10,2021,Visa Bulletin For October 2021,C,01SEP11,01JAN14,C,08JUL12,08JAN14
November,11,2021,Visa Bulletin For November 2021,C,01DEC11,15JAN12,C,08JAN13,22JAN12
December,12,2021,Visa Bulletin For December 2021,C,01MAY12,15JAN12,C,08JUL13,22JAN12
January,1,2022,Visa Bulletin For January 2022,C,08JUL12,15JAN12,C,08JUL13,22JAN12
February,2,2022,Visa Bulletin For February 2022,C,01JAN13,15JAN12,C,01SEP13,22JAN12
March,3,2022,Visa Bulletin For March 2022,C,01MAY13,15JAN12,C,01SEP13,22JAN12
April,4,2022,Visa Bulletin For April 2022,C,08JUL13,15JAN12,C,01SEP14,22JAN12
May,5,2022,Visa Bulletin For May 2022,C,01SEP13,15JAN12,C,01DEC14,22JAN12
June,6,2022,Visa Bulletin For June 2022,C,01SEP14,15JAN12,C,01DEC14,22JAN12
July,7,2022,Visa Bulletin For July 2022,C,01DEC14,15JAN12,C,01JAN15,22JAN12
August,8,2022,Visa Bulletin For August 2022,C,01DEC14,15FEB12,C,01JAN15,22FEB12
September,9,2022,Visa Bulletin For September 2022,C,01DEC14,15FEB12,C,01JAN15,22FEB12
October,10,2022,Visa Bulletin For October 2022,C,01APR12,01APR12,C,01MAY12,01JUL12
November,11,2022,Visa Bulletin For November 2022,C,01APR12,01APR12,C,01MAY12,01JUL12
December,12,2022,Visa Bulletin For December 2022,C,08OCT11,15JUN12,C,01MAY12,01AUG12
January,1,2023,Visa Bulletin For January 2023,01FEB22,08OCT11,15JUN12,01JUN22,01MAY12,01AUG12
February,2,2023,Visa Bulletin For February 2023,01FEB22,08OCT11,15JUN12,01JUN22,01MAY12,01AUG12
March,3,2023,Visa Bulletin For March 2023,01FEB22,08OCT11,15JUN12,01JUN22,01MAY12,01AUG12
April,4,2023,Visa Bulletin For April 2023,01FEB22,01JAN11,15JUN12,01JUN22,01MAY12,01AUG12
May,5,2023,Visa Bulletin For May 2023,01FEB22,01JAN11,15JUN12,01JUN22,01MAY12,01AUG12
June,6,2023,Visa Bulletin For June 2023,01FEB22,01JAN11,15JUN12,01JUN22,01MAY12,01AUG12
July,7,2023,Visa Bulletin For July 2023,01FEB22,01JAN11,01JAN09,01JUN22,01MAY12,01AUG12
August,8,2023,Visa Bulletin For August 2023,01JAN12,01JAN11,01JAN09,01JUN22,01MAY12,01AUG12
September,9,2023,Visa Bulletin For September 2023,01JAN12,01JAN11,01JAN09,01JUN22,01MAY12,01AUG12
October,10,2023,Visa Bulletin For October 2023,01JAN17,01JAN12,01MAY12,01JUL19,15MAY12,01AUG12
November,11,2023,Visa Bulletin For November 2023,01JAN17,01JAN12,01MAY12,01JUL19,15MAY12,01AUG12
December,12,2023,Visa Bulletin For December 2023,01JAN17,01JAN12,01MAY12,01JUL19,15MAY12,01AUG12
January,1,2024,Visa Bulletin For January 2024,01SEP20,01MAR12,01JUN12,01JAN21,15MAY12,01AUG12
February,2,2024,Visa Bulletin For February 2024,01SEP20,01MAR12,01JUL12,01JAN21,15MAY12,01AUG12
March,3,2024,Visa Bulletin For March 2024,01OCT20,01MAR12,01JUL12,01JAN21,15MAY12,01AUG12
April,4,2024,Visa Bulletin For April 2024,01MAR21,15APR12,15AUG12,01APR21,15MAY12,15SEP12
May,5,2024,Visa Bulletin For May 2024,01MAR21,15APR12,15AUG12,01APR21,15MAY12,15SEP12
June,6,2024,Visa Bulletin For June 2024,01MAR21,15APR12,22AUG12,01APR21,15MAY12,15SEP12
July,7,2024,Visa Bulletin For July 2024,01FEB22,15JUN12,22SEP12,08FEB22,22JUN12,01OCT12
August,8,2024,Visa Bulletin For August 2024,01FEB22,15JUL12,22OCT12,08FEB22,22JUL12,01NOV12
September,9,2024,Visa Bulletin For September 2024,01FEB22,15JUL12,22OCT12,08FEB22,22JUL12,01NOV12
October,10,2024,Visa Bulletin For October 2024,01FEB22,15JUL12,01NOV12,15APR22,01JAN13,08JUN13
November,11,2024,Visa Bulletin For November 2024,01FEB22,15JUL12,01NOV12,15APR22,01JAN13,08JUN13
December,12,2024,Visa Bulletin For December 2024,01FEB22,01AUG12,08NOV12,15APR22,01JAN13,08JUN13
January,1,2025,Visa Bulletin For January 2025,01FEB22,01OCT12,01DEC12,15APR22,01JAN13,08JUN13
February,2,2025,Visa Bulletin For February 2025,01FEB22,15OCT12,15DEC12,15APR22,01JAN13,08JUN13
March,3,2025,Visa Bulletin For March 2025,01FEB22,01DEC12,01FEB13,15APR22,01JAN13,08JUN13
April,4,2025,Visa Bulletin For April 2025,15FEB22,01JAN13,01APR13,15APR22,01FEB13,08JUN13
May,5,2025,Visa Bulletin For May 2025,15FEB22,01JAN13,15APR13,15APR22,01FEB13,08JUN13
June,6,2025,Visa Bulletin For June 2025,15FEB22,01JAN13,15APR13,15APR22,01FEB13,08JUN13
July,7,2025,Visa Bulletin For July 2025,15FEB22,01JAN13,22APR13,15APR22,01FEB13,08JUN13
August,8,2025,Visa Bulletin For August 2025,15FEB22,01JAN13,22MAY13,15APR22,01FEB13,08JUN13
September,9,2025,Visa Bulletin For September 2025,15FEB22,01JAN13,22MAY13,15APR22,01FEB13,08JUN13
October,10,2025,Visa Bulletin For October 2025,15FEB22,01APR13,22AUG13,15APR23,01DEC13,15AUG14
November,11,2025,Visa Bulletin For November 2025,15FEB22,01APR13,22AUG13,15APR23,01DEC13,15AUG14
December,12,2025,Visa Bulletin For December 2025,15MAR22,15MAY13,22SEP13,15APR23,01DEC13,15AUG14
January,1,2026,Visa Bulletin For January 2026,01FEB23,15JUL13,15NOV13,01AUG23,01DEC13,15AUG14
February,2,2026,February2026,01FEB23,15JUL13,15NOV13,01AUG23,01DEC13,15AUG14
February,2,2026,Visa Bulletin For February 2026,01FEB23,15JUL13,15NOV13,01AUG23,01DEC13,15AUG14
March,3,2026,March2026,01MAR23,15SEP13,15NOV13,01DEC23,01NOV14,15AUG14
March,3,2026,Visa Bulletin For March 2026,01MAR23,15SEP13,15NOV13,01DEC23,01NOV14,15AUG14
